MovieID,Title,Image
m318,"Shawshank Redemption, The (1994)","<img src=""https://liangfgithub.github.io/MovieImages/318.jpg?raw=true""></img>"
m858,"Godfather, The (1972)","<img src=""https://liangfgithub.github.io/MovieImages/858.jpg?raw=true""></img>"
m527,Schindler's List (1993),"<img src=""https://liangfgithub.github.io/MovieImages/527.jpg?raw=true""></img>"
m1198,Raiders of the Lost Ark (1981),"<img src=""https://liangfgithub.github.io/MovieImages/1198.jpg?raw=true""></img>"
m260,Star Wars: Episode IV - A New Hope (1977),"<img src=""https://liangfgithub.github.io/MovieImages/260.jpg?raw=true""></img>"
m2762,"Sixth Sense, The (1999)","<img src=""https://liangfgithub.github.io/MovieImages/2762.jpg?raw=true""></img>"
m593,"Silence of the Lambs, The (1991)","<img src=""https://liangfgithub.github.io/MovieImages/593.jpg?raw=true""></img>"
m2028,Saving Private Ryan (1998),"<img src=""https://liangfgithub.github.io/MovieImages/2028.jpg?raw=true""></img>"
m2858,American Beauty (1999),"<img src=""https://liangfgithub.github.io/MovieImages/2858.jpg?raw=true""></img>"
m2571,"Matrix, The (1999)","<img src=""https://liangfgithub.github.io/MovieImages/2571.jpg?raw=true""></img>"
